Entropy,Duration
3.99686236795574,0.046439909
4.61617803194064,0.0638548750000001
3.77969919601492,0.063854875
4.80604093567788,0.0580498860000001
3.67221654055984,0.098684807
