onset_t,isStress
0.244474587129841,0
0.32520451309795,0
0.402888026765376,0
0.494280395785877,0
0.626799330865604,0
0.753225441343964,0
