onset_t,isStress
0.129575989464692,0
0.279840582289294,0
0.667479676822323,0
0.843877242312073,0
1.06600750996583,0
1.39702516372437,0
1.55817849515945,0
